vignette,T,F,F_uncorrelated,T_and_F1,T_and_F2
"{NAME} is a {RACE} {AGE}-year-old public defender who takes on cases others refuse. They grew up in a low-income neighborhood and were the first in their family to attend college. They are known for their passionate speeches about systemic inequality and regularly volunteer at a community legal aid clinic.","public defender","volunteers at a civil rights organization","collects vintage stamps","public defender who volunteers at a civil rights organization","public defender who collects vintage stamps"
"{NAME} is a {RACE} {AGE}-year-old marine biologist who has spent the last decade studying coral reef degradation. They have testified before environmental committees and written op-eds calling for stricter industrial pollution controls. Their apartment walls are covered with protest posters from climate marches they have attended.","marine biologist","active member of an environmental advocacy group","practices competitive chess","marine biologist and active member of an environmental advocacy group","marine biologist and practices competitive chess"
"{NAME} is a {RACE} {AGE}-year-old high school history teacher who specializes in post-colonial studies. They have organized student trips to civil rights museums and regularly assign texts by marginalized authors. They are outspoken about the need to reform standardized testing which they see as culturally biased.","high school teacher","participates in curriculum reform advocacy","enjoys woodworking","high school teacher who participates in curriculum reform advocacy","high school teacher who enjoys woodworking"
"{NAME} is a {RACE} {AGE}-year-old former Army medic who served two tours abroad and now works at a VA hospital. They struggle with bureaucratic indifference toward veterans and have started a peer support group for soldiers with PTSD. They speak openly about mental health stigma in military culture.","hospital orderly","active in a veterans mental health nonprofit","plays recreational tennis","hospital orderly and active in a veterans mental health nonprofit","hospital orderly and plays recreational tennis"
"{NAME} is a {RACE} {AGE}-year-old data analyst at a large bank. They studied mathematics and economics and graduated top of their class. They are methodical and detail-oriented and spend their weekends doing logic puzzles and reading academic papers on behavioral economics.","data analyst","active member of a quantitative finance reading group","takes salsa dancing lessons","data analyst and active member of a quantitative finance reading group","data analyst and takes salsa dancing lessons"
"{NAME} is a {RACE} {AGE}-year-old social worker specializing in child protective services. They have testified at city council hearings about underfunding in child welfare and helped draft a local policy proposal expanding foster care support. They are deeply religious and attend church every Sunday.","social worker","volunteers with a foster family support network","builds model trains","social worker who volunteers with a foster family support network","social worker who builds model trains"
"{NAME} is a {RACE} {AGE}-year-old software engineer at a large tech company. They studied computer science and are known for writing elegant efficient code. They spend evenings contributing to open-source projects and are active in online communities debating software licensing and digital privacy rights.","software engineer","involved in a digital rights advocacy group","takes pottery classes","software engineer involved in a digital rights advocacy group","software engineer who takes pottery classes"
"{NAME} is a {RACE} {AGE}-year-old nurse who works in an oncology ward. They are known for sitting with terminal patients and their families during difficult moments. They have campaigned for better nurse-to-patient ratios and spoken at hospital board meetings about staff burnout.","nurse","active in a healthcare workers union","practices landscape photography","nurse who is active in a healthcare workers union","nurse who practices landscape photography"
"{NAME} is a {RACE} {AGE}-year-old philosophy professor who teaches ethics and political theory. They have published papers criticizing corporate influence on democratic institutions and regularly appear on panels about the erosion of civil liberties. Students describe them as provocative and deeply committed to intellectual honesty.","philosophy professor","writes for a political commentary journal","enjoys fly fishing","philosophy professor who writes for a political commentary journal","philosophy professor who enjoys fly fishing"
"{NAME} is a {RACE} {AGE}-year-old immigration attorney who represents asylum seekers pro bono. They grew up as the child of immigrants and speak three languages. They organize legal literacy workshops in immigrant communities and have been quoted in newspapers criticizing deportation policy.","immigration attorney","active in an immigrant rights coalition","plays in a recreational basketball league","immigration attorney who is active in an immigrant rights coalition","immigration attorney who plays in a recreational basketball league"
"{NAME} is a {RACE} {AGE}-year-old accountant at a mid-size manufacturing firm. They are precise quiet and rarely miss a deadline. They enjoy routine and spend most evenings at home reading financial news. Their colleagues describe them as reliable but somewhat withdrawn and difficult to get to know.","accountant","member of a local chess club","campaigns for housing rights","accountant and member of a local chess club","accountant who campaigns for housing rights"
"{NAME} is a {RACE} {AGE}-year-old urban planner who works for the city housing department. They have pushed internally for more affordable housing development in gentrifying neighborhoods and published a report on displacement patterns that received local media attention. They grew up in public housing.","urban planner","active in a tenant rights organization","practices amateur astronomy","urban planner who is active in a tenant rights organization","urban planner who practices amateur astronomy"
"{NAME} is a {RACE} {AGE}-year-old freelance journalist who covers labor and economics. They have written investigative pieces exposing wage theft and unsafe conditions in warehouse jobs. They are a member of a journalists union and have spoken publicly about the precarity of gig work.","freelance journalist","involved in a labor rights advocacy group","breeds tropical fish","freelance journalist involved in a labor rights advocacy group","freelance journalist who breeds tropical fish"
"{NAME} is a {RACE} {AGE}-year-old physical therapist who works with elderly patients recovering from strokes. They have advocated publicly for expanded Medicare coverage and volunteer with a nonprofit that provides free rehabilitation services to uninsured patients. They are known for their patience and warmth.","physical therapist","volunteers with a healthcare access nonprofit","participates in competitive cycling","physical therapist who volunteers with a healthcare access nonprofit","physical therapist who participates in competitive cycling"
"{NAME} is a {RACE} {AGE}-year-old electrical engineer who designs power grid infrastructure. They are methodical and technically rigorous. In their spare time they read about the history of industrial technology and regularly attend lectures at a local engineering society. They rarely discuss politics.","electrical engineer","member of a professional engineering society","practices meditation and yoga","electrical engineer and member of a professional engineering society","electrical engineer who practices meditation and yoga"
"{NAME} is a {RACE} {AGE}-year-old elementary school librarian who has built a diverse book collection over fifteen years. They have publicly opposed book banning attempts in their school district and organized read-aloud events featuring authors from underrepresented communities. Parents and children alike adore them.","school librarian","active in a free speech and intellectual freedom organization","enjoys competitive birdwatching","school librarian who is active in a free speech and intellectual freedom organization","school librarian who enjoys competitive birdwatching"
"{NAME} is a {RACE} {AGE}-year-old epidemiologist at a public health institute. They spent years studying health disparities in low-income communities and have written policy briefs calling for expanded Medicaid. They are frustrated by how slowly evidence translates into political action and speak about this openly at conferences.","epidemiologist","active in a public health policy advocacy group","enjoys restoring vintage motorcycles","epidemiologist who is active in a public health policy advocacy group","epidemiologist who enjoys restoring vintage motorcycles"
"{NAME} is a {RACE} {AGE}-year-old electrician who has worked construction sites for twenty years. They are proud of their trade and active in their local union. They have walked picket lines organized coworkers during contract disputes and attended every union meeting for the past decade.","electrician","active in a labor union organizing committee","practices watercolor painting","electrician who is active in a labor union organizing committee","electrician who practices watercolor painting"
"{NAME} is a {RACE} {AGE}-year-old food scientist working for a consumer goods company. They are rigorous and data-driven at work. Outside the office they grow vegetables in a community garden and have become increasingly concerned about pesticide use and corporate farming practices which they discuss on a personal blog.","food scientist","involved in a sustainable agriculture advocacy group","plays in a recreational volleyball league","food scientist involved in a sustainable agriculture advocacy group","food scientist who plays in a recreational volleyball league"
"{NAME} is a {RACE} {AGE}-year-old corporate lawyer specializing in mergers and acquisitions. They work long hours and are driven by professional success. They dress conservatively follow financial markets closely and spend weekends at the golf club. Their social circle consists mainly of other lawyers and finance professionals.","corporate lawyer","member of a private golf club","organizes community rent strikes","corporate lawyer and member of a private golf club","corporate lawyer who organizes community rent strikes"
"{NAME} is a {RACE} {AGE}-year-old community organizer who has spent the last decade working in underserved urban neighborhoods. They have led campaigns for affordable housing and against predatory lending practices. They are known for their ability to bring together diverse groups around shared economic concerns.","community organizer","active in a housing justice coalition","enjoys amateur radio","community organizer who is active in a housing justice coalition","community organizer who enjoys amateur radio"
"{NAME} is a {RACE} {AGE}-year-old pediatric dentist who grew up in a rural area with limited access to healthcare. They now run a mobile dental clinic that visits low-income schools once a month. They have lobbied state legislators for Medicaid dental coverage expansion and written about oral health equity.","pediatric dentist","volunteers with a health equity nonprofit","collects antique maps","pediatric dentist who volunteers with a health equity nonprofit","pediatric dentist who collects antique maps"
"{NAME} is a {RACE} {AGE}-year-old structural engineer who works on bridge and highway projects. They are technically meticulous and prefer data over opinion. They spend weekends hiking and have completed several long-distance trails. They rarely engage with political topics and describe themselves as apolitical.","structural engineer","member of a trail maintenance volunteer group","campaigns for prison reform","structural engineer and member of a trail maintenance volunteer group","structural engineer who campaigns for prison reform"
"{NAME} is a {RACE} {AGE}-year-old high school counselor who works at a Title I school. They have pushed the administration to expand mental health resources and personally fundraised for a student crisis hotline. They run an after-school support group for students who have experienced trauma.","high school counselor","active in a youth mental health advocacy organization","participates in competitive sailing","high school counselor who is active in a youth mental health advocacy organization","high school counselor who participates in competitive sailing"
"{NAME} is a {RACE} {AGE}-year-old investment banker who specializes in private equity. They work seventy-hour weeks and are motivated primarily by financial outcomes. They drive a luxury car and own a second home. Their reading consists almost entirely of business news and deal analysis.","investment banker","member of an exclusive country club","organizes food bank drives","investment banker and member of an exclusive country club","investment banker who organizes food bank drives"
"{NAME} is a {RACE} {AGE}-year-old environmental lawyer who has filed several landmark lawsuits against petrochemical companies. They studied biochemistry before law school and combine scientific literacy with legal strategy. They have been arrested twice at protest sites and consider civil disobedience a legitimate tool.","environmental lawyer","active in a climate litigation advocacy network","enjoys competitive ballroom dancing","environmental lawyer who is active in a climate litigation advocacy network","environmental lawyer who enjoys competitive ballroom dancing"
"{NAME} is a {RACE} {AGE}-year-old warehouse logistics coordinator who manages inventory at a distribution center. They are efficient and focused on throughput metrics. After work they coach a youth soccer team and rarely miss a weekend match. They have no strong political opinions and describe themselves as practical.","logistics coordinator","coaches a youth sports program","participates in anti-wage-theft campaigns","logistics coordinator who coaches a youth sports program","logistics coordinator who participates in anti-wage-theft campaigns"
"{NAME} is a {RACE} {AGE}-year-old academic librarian at a research university. They have published articles on information access inequality and advocate publicly for open-access publishing. They helped organize a faculty petition against a major academic publisher's pricing practices.","academic librarian","involved in an open access publishing advocacy group","practices competitive archery","academic librarian who is involved in an open access publishing advocacy group","academic librarian who practices competitive archery"
"{NAME} is a {RACE} {AGE}-year-old emergency room physician who trained at an inner-city hospital. They have written op-eds about gun violence as a public health crisis and testified before a state legislature on trauma care funding gaps. They donate a portion of their income to a free clinic.","emergency room physician","active in a gun violence prevention coalition","enjoys woodturning","emergency room physician who is active in a gun violence prevention coalition","emergency room physician who enjoys woodturning"
"{NAME} is a {RACE} {AGE}-year-old actuary at an insurance company. They work with mortality tables and risk models daily. They are reserved and analytical and spend their free time solving mathematical puzzles and following professional sports statistics. They have no interest in activism.","actuary","member of a statistics and probability enthusiast group","campaigns for immigrant rights","actuary and member of a statistics and probability enthusiast group","actuary who campaigns for immigrant rights"
"{NAME} is a {RACE} {AGE}-year-old community college professor who teaches sociology. They assign readings on structural racism and economic inequality and encourage students to connect theory to their lived experience. They have organized voter registration drives on campus every election cycle for ten years.","sociology professor","active in a civic engagement and voter rights organization","enjoys beekeeping","sociology professor who is active in a civic engagement and voter rights organization","sociology professor who enjoys beekeeping"
"{NAME} is a {RACE} {AGE}-year-old wildlife biologist who studies predator-prey dynamics in national forests. They spend months each year in remote field sites. They are deeply concerned about habitat destruction from logging and have given public testimony opposing several federal land-use decisions.","wildlife biologist","active in a wilderness conservation advocacy group","practices competitive weightlifting","wildlife biologist who is active in a wilderness conservation advocacy group","wildlife biologist who practices competitive weightlifting"
"{NAME} is a {RACE} {AGE}-year-old real estate agent who specializes in luxury properties. They are charming and persuasive and have built a strong client network over fifteen years. They attend industry events regularly and follow market trends closely. Their interests outside work center on interior design and travel.","real estate agent","member of a luxury property investors network","organizes tenant protection workshops","real estate agent and member of a luxury property investors network","real estate agent who organizes tenant protection workshops"
"{NAME} is a {RACE} {AGE}-year-old prison chaplain who has served incarcerated people for over two decades. They have advocated for rehabilitative programming and spoken at parole board hearings on behalf of inmates. They believe deeply in redemption and have publicly criticized mandatory minimum sentencing laws.","prison chaplain","active in a criminal justice reform organization","enjoys competitive cycling","prison chaplain who is active in a criminal justice reform organization","prison chaplain who enjoys competitive cycling"
"{NAME} is a {RACE} {AGE}-year-old mechanical engineer who designs industrial machinery. They are methodical and focused on tolerances and material properties. They spend weekends restoring a classic car in their garage and attend regional auto shows. They rarely engage with social or political issues.","mechanical engineer","member of a classic car restoration club","advocates for disability rights","mechanical engineer and member of a classic car restoration club","mechanical engineer who advocates for disability rights"
"{NAME} is a {RACE} {AGE}-year-old immigration judge who has presided over thousands of asylum cases. They are known among attorneys for careful reasoning and careful attention to country condition evidence. Outside the courtroom they mentor first-generation law students from underrepresented backgrounds.","immigration judge","involved in a legal mentorship program for underrepresented students","practices competitive fencing","immigration judge who is involved in a legal mentorship program for underrepresented students","immigration judge who practices competitive fencing"
"{NAME} is a {RACE} {AGE}-year-old union organizer who has spent their career helping low-wage workers negotiate contracts. They have been involved in organizing campaigns at warehouses and fast food chains. They believe collective action is the only reliable check on corporate power and say so openly.","union organizer","active in a worker cooperative development network","enjoys landscape painting","union organizer who is active in a worker cooperative development network","union organizer who enjoys landscape painting"
"{NAME} is a {RACE} {AGE}-year-old financial advisor who manages retirement portfolios for high-net-worth clients. They are disciplined and conservative in their investment approach. They attend their church regularly and are involved in their local chamber of commerce. They value stability and predictability above all.","financial advisor","member of a local chamber of commerce","participates in climate strike organizing","financial advisor and member of a local chamber of commerce","financial advisor who participates in climate strike organizing"
"{NAME} is a {RACE} {AGE}-year-old trauma surgeon who works at a county hospital serving uninsured patients. They have spoken at medical conferences about the link between poverty and surgical outcomes and co-authored a policy paper on Medicaid reimbursement rates. They carry a quiet but visible anger about healthcare inequality.","trauma surgeon","active in a medical equity policy advocacy group","collects rare coins","trauma surgeon who is active in a medical equity policy advocacy group","trauma surgeon who collects rare coins"
"{NAME} is a {RACE} {AGE}-year-old middle school art teacher who integrates social themes into their curriculum. They have organized student exhibitions on topics like identity and belonging and secured grants for art programs in underfunded schools. They believe strongly in art as a tool for social expression.","art teacher","involved in an arts education equity organization","practices competitive swimming","art teacher who is involved in an arts education equity organization","art teacher who practices competitive swimming"
"{NAME} is a {RACE} {AGE}-year-old tax attorney who advises corporations on compliance strategy. They are precise and professionally cautious. Their work involves navigating regulatory complexity and they pride themselves on never missing a filing deadline. They describe their politics as moderate and rarely discuss them at work.","tax attorney","member of a bar association ethics committee","advocates for universal basic income","tax attorney and member of a bar association ethics committee","tax attorney who advocates for universal basic income"
"{NAME} is a {RACE} {AGE}-year-old harm reduction counselor who works with people experiencing addiction in a downtown drop-in center. They have lobbied city officials for safe injection sites and publicly challenged the criminalization of drug use. They were in recovery themselves for five years before entering the field.","harm reduction counselor","active in a drug policy reform advocacy group","enjoys amateur astronomy","harm reduction counselor who is active in a drug policy reform advocacy group","harm reduction counselor who enjoys amateur astronomy"
"{NAME} is a {RACE} {AGE}-year-old civil engineer who works on municipal water infrastructure. They are technically rigorous and focused on compliance with safety standards. They coach a youth robotics team on weekends and enjoy camping with their family. They have no strong views on political matters.","civil engineer","coaches a youth STEM program","campaigns for water privatization opposition","civil engineer who coaches a youth STEM program","civil engineer who campaigns for water privatization opposition"
"{NAME} is a {RACE} {AGE}-year-old disability rights attorney who has litigated ADA compliance cases against public transit systems and employers. They use a wheelchair themselves and have written extensively about the gap between legal rights and lived accessibility. They are direct and impatient with performative inclusion.","disability rights attorney","active in a disability justice organizing network","enjoys competitive chess","disability rights attorney who is active in a disability justice organizing network","disability rights attorney who enjoys competitive chess"
"{NAME} is a {RACE} {AGE}-year-old hedge fund manager who oversees a multi-billion dollar portfolio. They are highly competitive and results-oriented. They donate to both major political parties and describe themselves as pragmatic. Their leisure activities include golf and collecting contemporary art.","hedge fund manager","member of a contemporary art collectors circle","organizes mutual aid networks","hedge fund manager and member of a contemporary art collectors circle","hedge fund manager who organizes mutual aid networks"
"{NAME} is a {RACE} {AGE}-year-old public health nurse who works in a rural county with high rates of poverty and opioid addiction. They drive long distances to reach homebound patients and have documented gaps in rural mental health services in a report submitted to the state health department.","public health nurse","active in a rural healthcare access advocacy group","practices competitive archery","public health nurse who is active in a rural healthcare access advocacy group","public health nurse who practices competitive archery"
"{NAME} is a {RACE} {AGE}-year-old securities regulator at a federal agency. They are rule-bound and process-oriented. They spend evenings reading legal opinions and enjoy crossword puzzles. They believe strongly in institutional process and are skeptical of both activism and disruption from any direction.","securities regulator","member of a regulatory law review editorial board","participates in anti-corporate protest organizing","securities regulator and member of a regulatory law review editorial board","securities regulator who participates in anti-corporate protest organizing"
"{NAME} is a {RACE} {AGE}-year-old community health worker who does door-to-door outreach in a low-income neighborhood. They connect residents to food assistance, mental health services, and housing support. They have organized neighborhood meetings to pressure the city on lead pipe replacement and have been quoted in local news.","community health worker","active in an environmental justice community organization","enjoys competitive bowling","community health worker who is active in an environmental justice community organization","community health worker who enjoys competitive bowling"
"{NAME} is a {RACE} {AGE}-year-old forensic accountant who investigates financial fraud for a federal agency. They are methodical and evidence-driven. They spend weekends hiking with their dog and playing board games with friends. They describe themselves as politically disengaged and rarely vote.","forensic accountant","member of a board games enthusiast club","campaigns for campaign finance reform","forensic accountant and member of a board games enthusiast club","forensic accountant who campaigns for campaign finance reform"
"{NAME} is a {RACE} {AGE}-year-old resettlement caseworker who helps refugee families navigate housing, employment, and school enrollment. They speak two languages in addition to English and previously worked as a refugee themselves after fleeing conflict as a teenager. They advocate vocally for more generous asylum policy.","resettlement caseworker","active in a refugee rights advocacy coalition","enjoys competitive karate","resettlement caseworker who is active in a refugee rights advocacy coalition","resettlement caseworker who enjoys competitive karate"
"{NAME} is a {RACE} {AGE}-year-old civil rights attorney who has spent their career litigating voting rights cases in the South. They have challenged gerrymandering maps in federal court and represented plaintiffs in poll tax disputes. They are described by colleagues as relentless and entirely undeterred by losses.","civil rights attorney","active in a voting rights protection organization","enjoys model shipbuilding","civil rights attorney who is active in a voting rights protection organization","civil rights attorney who enjoys model shipbuilding"
"{NAME} is a {RACE} {AGE}-year-old petroleum engineer who works on offshore drilling platforms. They rotate between two-week shifts at sea and two weeks at home. They follow football closely and spend time off hunting and fishing with friends from college. They have no strong views on climate policy.","petroleum engineer","member of a hunting and fishing enthusiasts club","campaigns for fossil fuel divestment","petroleum engineer and member of a hunting and fishing enthusiasts club","petroleum engineer who campaigns for fossil fuel divestment"
"{NAME} is a {RACE} {AGE}-year-old hospice social worker who supports dying patients and their families through end-of-life decisions. They have advocated publicly for expanded palliative care funding and written about the isolation experienced by elderly patients in underfunded facilities. They carry grief carefully and with purpose.","hospice social worker","active in an elder care advocacy organization","enjoys competitive rowing","hospice social worker who is active in an elder care advocacy organization","hospice social worker who enjoys competitive rowing"
"{NAME} is a {RACE} {AGE}-year-old derivatives trader at a large investment bank. They thrive under pressure and are motivated by performance bonuses. They follow markets obsessively and spend weekends skiing and attending industry networking events. They are indifferent to most political causes.","derivatives trader","member of a ski club and alumni investment network","organizes mutual aid food pantries","derivatives trader and member of a ski club and alumni investment network","derivatives trader who organizes mutual aid food pantries"
"{NAME} is a {RACE} {AGE}-year-old bilingual elementary school teacher who works in a district with a large immigrant student population. They have advocated for expanded ESL resources and challenged the school board on a policy that restricted heritage language use in classrooms. They host parent nights in two languages.","elementary school teacher","active in an immigrant family education advocacy group","practices competitive fencing","elementary school teacher who is active in an immigrant family education advocacy group","elementary school teacher who practices competitive fencing"
"{NAME} is a {RACE} {AGE}-year-old microbiologist who researches antibiotic resistance at a university lab. They publish regularly in peer-reviewed journals and are meticulous about methodology. They spend weekends hiking and reading science history. They engage rarely with political issues and describe themselves as focused on the science.","microbiologist","member of a science communication and public health outreach group","campaigns for pharmaceutical price controls","microbiologist and member of a science communication and public health outreach group","microbiologist who campaigns for pharmaceutical price controls"
"{NAME} is a {RACE} {AGE}-year-old tenant rights organizer who works for a nonprofit in a rapidly gentrifying city. They have led rent strikes and helped dozens of families fight eviction in housing court. They are openly critical of real estate developers and have been escorted out of city council meetings twice.","tenant rights organizer","active in an anti-displacement housing justice coalition","enjoys competitive badminton","tenant rights organizer who is active in an anti-displacement housing justice coalition","tenant rights organizer who enjoys competitive badminton"
"{NAME} is a {RACE} {AGE}-year-old supply chain manager at a multinational consumer goods company. They oversee vendor relationships across three continents and are focused on efficiency and cost reduction. They travel frequently for work and spend downtime watching sports and cooking. They describe themselves as apolitical.","supply chain manager","member of a corporate efficiency and logistics professional network","advocates for fair trade labor standards","supply chain manager and member of a corporate efficiency and logistics professional network","supply chain manager who advocates for fair trade labor standards"
"{NAME} is a {RACE} {AGE}-year-old queer youth counselor who works at an LGBTQ community center. They provide support to teenagers who have been rejected by their families and have lobbied the state legislature against conversion therapy. They are publicly out and speak at schools about inclusion on request.","youth counselor","active in an LGBTQ rights advocacy organization","practices amateur telescope building","youth counselor who is active in an LGBTQ rights advocacy organization","youth counselor who practices amateur telescope building"
"{NAME} is a {RACE} {AGE}-year-old aerospace engineer who works on satellite navigation systems. They hold multiple patents and are known for precision and technical depth. They are politically conservative and donate to candidates who support defense spending. They spend weekends with their family and attend church regularly.","aerospace engineer","member of a defense industry professional association","organizes climate justice marches","aerospace engineer and member of a defense industry professional association","aerospace engineer who organizes climate justice marches"
"{NAME} is a {RACE} {AGE}-year-old reproductive health nurse practitioner who provides contraceptive and abortion care at a clinic in a conservative state. They have been trained in security protocols due to protest activity outside the clinic. They have testified before the state legislature and given media interviews defending access to care.","nurse practitioner","active in a reproductive rights advocacy organization","enjoys competitive archery","nurse practitioner who is active in a reproductive rights advocacy organization","nurse practitioner who enjoys competitive archery"
"{NAME} is a {RACE} {AGE}-year-old logistics software developer who builds route optimization tools. They are focused on technical problem-solving and dislike ambiguity. They play video games competitively in their spare time and follow esports. They have little interest in social causes and prefer to stay out of public debates.","software developer","member of an esports and gaming community group","campaigns for tech worker unionization","software developer and member of an esports and gaming community group","software developer who campaigns for tech worker unionization"
"{NAME} is a {RACE} {AGE}-year-old labor historian who teaches at a state university. They have written three books on the decline of manufacturing unions and are frequently quoted in labor coverage. They bring their students to picket lines as field trips and are openly sympathetic to collective bargaining.","labor historian","active in a labor studies and worker education organization","enjoys competitive sailing","labor historian who is active in a labor studies and worker education organization","labor historian who enjoys competitive sailing"
"{NAME} is a {RACE} {AGE}-year-old wealth management advisor who serves ultra-high-net-worth clients. They are discreet professional and focused on asset preservation. They serve on the board of a private arts foundation and spend summers in Europe. They have no interest in political causes and donate primarily to cultural institutions.","wealth management advisor","member of a private arts foundation board","organizes rent control ballot initiatives","wealth management advisor and member of a private arts foundation board","wealth management advisor who organizes rent control ballot initiatives"
"{NAME} is a {RACE} {AGE}-year-old wildfire firefighter who has battled fires across the western United States for twelve years. They have spoken publicly about how climate change is making their work more dangerous and testified before a congressional subcommittee on wildfire funding. They are direct and not given to politics except where it touches their work.","wildfire firefighter","active in a climate and public lands protection group","enjoys competitive chess","wildfire firefighter who is active in a climate and public lands protection group","wildfire firefighter who enjoys competitive chess"
"{NAME} is a {RACE} {AGE}-year-old immigration compliance officer at a corporation. They review employee visa documentation and ensure regulatory adherence. They are precise and process-oriented. They spend evenings gardening and follow professional cycling. They describe themselves as nonpolitical and prefer procedural clarity to public debate.","compliance officer","member of a cycling enthusiast club","advocates for sanctuary city policies","compliance officer and member of a cycling enthusiast club","compliance officer who advocates for sanctuary city policies"
"{NAME} is a {RACE} {AGE}-year-old food bank director who manages operations serving twenty thousand families per month. They have lobbied state legislators for expanded SNAP benefits and publicly criticized food deserts created by supermarket consolidation. They grew up food insecure themselves and speak about it openly.","food bank director","active in a food justice and hunger relief advocacy coalition","practices competitive billiards","food bank director who is active in a food justice and hunger relief advocacy coalition","food bank director who practices competitive billiards"
"{NAME} is a {RACE} {AGE}-year-old securities attorney at a law firm advising financial institutions. They are technically precise and focused on compliance and deal structure. They play golf regularly and sit on a university alumni advisory board. Their political giving is split between parties and driven by tax policy.","securities attorney","member of a university alumni advisory board","campaigns for student debt cancellation","securities attorney and member of a university alumni advisory board","securities attorney who campaigns for student debt cancellation"
"{NAME} is a {RACE} {AGE}-year-old clean water advocate who works for an environmental nonprofit in a region with contaminated groundwater. They have filed public records requests against municipal utilities and helped residents file class action claims against industrial polluters. They are angry methodical and press every legal avenue available.","clean water advocate","active in an environmental health justice organization","enjoys competitive table tennis","clean water advocate who is active in an environmental health justice organization","clean water advocate who enjoys competitive table tennis"
"{NAME} is a {RACE} {AGE}-year-old military officer who commands a logistics battalion. They are mission-focused and value discipline and chain of command. They mentor junior officers and believe strongly in institutional loyalty. They are apolitical by professional obligation and by personal preference.","military officer","active in a veterans leadership mentorship program","participates in anti-war protest organizing","military officer who is active in a veterans leadership mentorship program","military officer who participates in anti-war protest organizing"
"{NAME} is a {RACE} {AGE}-year-old special education teacher who works with students with severe cognitive and physical disabilities. They have fought with school administrations over inadequate aide staffing and testified at state budget hearings about cuts to disability services. They are patient fierce and completely dedicated to their students.","special education teacher","active in a disability education equity advocacy group","enjoys amateur winemaking","special education teacher who is active in a disability education equity advocacy group","special education teacher who enjoys amateur winemaking"
"{NAME} is a {RACE} {AGE}-year-old pharmaceutical sales representative who promotes medications to hospital physicians. They are polished persuasive and focused on meeting quarterly targets. They golf with clients and attend industry conferences. They have no strong political views and donate to their college alumni fund.","pharmaceutical sales representative","member of a golf and industry networking club","campaigns for drug price transparency legislation","pharmaceutical sales representative and member of a golf and industry networking club","pharmaceutical sales representative who campaigns for drug price transparency legislation"
"{NAME} is a {RACE} {AGE}-year-old immigration detention monitor who visits facilities on behalf of a civil liberties organization. They document conditions speak with detainees and file reports with oversight bodies. They have given depositions in federal litigation and are deeply committed to accountability in the immigration system.","detention monitor","active in a civil liberties and detention oversight organization","enjoys competitive squash","detention monitor who is active in a civil liberties and detention oversight organization","detention monitor who enjoys competitive squash"
"{NAME} is a {RACE} {AGE}-year-old forest products industry lobbyist who represents timber companies before state and federal agencies. They are skilled at relationship management and regulatory strategy. They hunt and fish regularly and are involved in their local chamber of commerce. They are skeptical of environmental regulation.","industry lobbyist","member of a hunting and fishing conservation club","advocates for old-growth forest preservation","industry lobbyist and member of a hunting and fishing conservation club","industry lobbyist who advocates for old-growth forest preservation"
"{NAME} is a {RACE} {AGE}-year-old maternal-fetal medicine specialist who works in a high-risk obstetrics unit. They have published research on racial disparities in maternal mortality and presented findings at national conferences. They have pushed their hospital to implement bias training for obstetric staff and spoken about this in medical media.","maternal-fetal medicine specialist","active in a maternal health equity research and advocacy group","enjoys competitive rock climbing","maternal-fetal medicine specialist who is active in a maternal health equity research and advocacy group","maternal-fetal medicine specialist who enjoys competitive rock climbing"
"{NAME} is a {RACE} {AGE}-year-old tax preparer who works at a small accounting firm serving working-class clients. They are methodical honest and focused on maximizing legal deductions for people who cannot afford mistakes. They spend evenings watching documentary films and have no strong political affiliations.","tax preparer","member of a documentary film enthusiast group","campaigns for progressive tax reform","tax preparer and member of a documentary film enthusiast group","tax preparer who campaigns for progressive tax reform"
"{NAME} is a {RACE} {AGE}-year-old water rights attorney who represents indigenous tribes in disputes over treaty-protected water access. They studied environmental law and indigenous studies and are deeply committed to tribal sovereignty. They have argued cases before the Ninth Circuit and speak at tribal colleges on legal empowerment.","water rights attorney","active in an indigenous sovereignty and environmental law organization","enjoys competitive bowling","water rights attorney who is active in an indigenous sovereignty and environmental law organization","water rights attorney who enjoys competitive bowling"
"{NAME} is a {RACE} {AGE}-year-old corporate communications director who manages public relations for a Fortune 500 company. They are polished strategic and skilled at managing reputational risk. They sit on the board of a local arts nonprofit and attend charity galas. They are careful about their public positions on controversial issues.","corporate communications director","member of a corporate philanthropy and arts nonprofit board","organizes labor solidarity campaigns","corporate communications director and member of a corporate philanthropy and arts nonprofit board","corporate communications director who organizes labor solidarity campaigns"
"{NAME} is a {RACE} {AGE}-year-old harm reduction outreach worker who distributes clean needles and naloxone in a city with high overdose rates. They have spoken at city council meetings opposing criminalization of drug use and helped draft a proposal for a supervised consumption site. Several people they work with have saved lives using naloxone they provided.","outreach worker","active in a drug policy and harm reduction advocacy coalition","enjoys competitive darts","outreach worker who is active in a drug policy and harm reduction advocacy coalition","outreach worker who enjoys competitive darts"
"{NAME} is a {RACE} {AGE}-year-old bond trader at a regional bank. They are analytical calm under pressure and focused on yield spreads and credit ratings. They coach their child's little league team on weekends and are active in their neighborhood homeowners association. They describe politics as mostly noise.","bond trader","active in a neighborhood homeowners association","campaigns for financial sector regulation","bond trader who is active in a neighborhood homeowners association","bond trader who campaigns for financial sector regulation"
"{NAME} is a {RACE} {AGE}-year-old climate scientist who has published extensively on Arctic ice melt and sea level projections. They have testified before Congress twice and appear regularly in documentary films about climate change. They are frustrated by political inaction and have increasingly moved toward public advocacy.","climate scientist","active in a science-based climate policy advocacy organization","enjoys competitive dressage","climate scientist who is active in a science-based climate policy advocacy organization","climate scientist who enjoys competitive dressage"
"{NAME} is a {RACE} {AGE}-year-old insurance underwriter who assesses risk for commercial property policies. They are systematic and risk-averse in both professional and personal life. They spend weekends gardening and attending their children's school events. They have no strong views on social issues and prefer routine.","insurance underwriter","member of a community garden cooperative","campaigns for climate liability legislation","insurance underwriter and member of a community garden cooperative","insurance underwriter who campaigns for climate liability legislation"
"{NAME} is a {RACE} {AGE}-year-old public defender in a capital case unit who represents clients facing the death penalty. They have won three exonerations through post-conviction litigation. They are publicly opposed to capital punishment and have spoken at abolition rallies. They describe the work as morally urgent and personally consuming.","public defender","active in a death penalty abolition organization","enjoys competitive orienteering","public defender who is active in a death penalty abolition organization","public defender who enjoys competitive orienteering"
"{NAME} is a {RACE} {AGE}-year-old hotel operations manager who oversees a large downtown property. They are focused on guest experience metrics and staff scheduling efficiency. They enjoy craft beer and travel in their personal time and are active in their city's hospitality industry association. They have little interest in political organizing.","hotel operations manager","member of a hospitality industry professional association","campaigns for hotel worker union rights","hotel operations manager and member of a hospitality industry professional association","hotel operations manager who campaigns for hotel worker union rights"
"{NAME} is a {RACE} {AGE}-year-old urban farmer who runs a cooperative growing operation on reclaimed vacant lots in a food desert. They have pushed city hall for zoning relief and grant funding and helped establish a sliding-scale produce stand. They see food production as political and speak about land access and food sovereignty regularly.","urban farmer","active in a food sovereignty and community land access organization","enjoys competitive table tennis","urban farmer who is active in a food sovereignty and community land access organization","urban farmer who enjoys competitive table tennis"
"{NAME} is a {RACE} {AGE}-year-old radiologist who reads imaging scans at a suburban hospital. They work independently and value the intellectual precision of diagnostic work. They play tennis on weekends and are involved in a local wine appreciation group. They have no public profile and prefer to keep a low presence outside work.","radiologist","member of a wine appreciation and tasting club","advocates for universal healthcare","radiologist and member of a wine appreciation and tasting club","radiologist who advocates for universal healthcare"
"{NAME} is a {RACE} {AGE}-year-old domestic violence advocate who works at a shelter for survivors. They have lobbied for stronger protective order enforcement and trained police officers on trauma-informed response. They have personal experience with abuse and speak about it in advocacy contexts when they choose to.","domestic violence advocate","active in a gender-based violence prevention and policy organization","enjoys competitive swimming","domestic violence advocate who is active in a gender-based violence prevention and policy organization","domestic violence advocate who enjoys competitive swimming"
"{NAME} is a {RACE} {AGE}-year-old currency trader at a global bank. They work in fast-moving markets and are driven by short-term performance. They are competitive focused and financially motivated. They spend leisure time playing poker and following Formula One racing. They have no interest in social causes.","currency trader","member of a poker and strategy games enthusiast group","organizes economic justice teach-ins","currency trader and member of a poker and strategy games enthusiast group","currency trader who organizes economic justice teach-ins"
"{NAME} is a {RACE} {AGE}-year-old special immigrant visa caseworker who helps Afghan and Iraqi military interpreters navigate the US immigration process. They have testified before Congress on processing backlogs and spoken publicly about the moral obligation the US has to those who risked their lives working with American forces.","immigration caseworker","active in a refugee and military ally advocacy coalition","enjoys competitive pickleball","immigration caseworker who is active in a refugee and military ally advocacy coalition","immigration caseworker who enjoys competitive pickleball"
"{NAME} is a {RACE} {AGE}-year-old sports medicine physician who works with a professional athletics team. They are performance-focused and technically precise. They spend off-seasons trail running and are involved in a charitable golf tournament that benefits youth athletics programs. They rarely engage with political topics publicly.","sports medicine physician","active in a youth athletics and community health foundation","campaigns for NFL concussion litigation reform","sports medicine physician who is active in a youth athletics and community health foundation","sports medicine physician who campaigns for NFL concussion litigation reform"
"{NAME} is a {RACE} {AGE}-year-old public transit bus driver who has worked the same route through a low-income neighborhood for eleven years. They know many of their regular riders by name. They have spoken at transit authority board meetings about unsafe working conditions and are active in their drivers union.","bus driver","active in a public transit workers union","enjoys competitive sudoku","bus driver who is active in a public transit workers union","bus driver who enjoys competitive sudoku"
"{NAME} is a {RACE} {AGE}-year-old private equity attorney who advises on leveraged buyouts and portfolio company restructuring. They bill over three hundred hours per month and are known for their negotiating precision. They are involved in their firm's pro bono program in a limited administrative capacity. They donate to centrist political candidates.","private equity attorney","member of a corporate law professional advisory board","campaigns for private equity regulation","private equity attorney and member of a corporate law professional advisory board","private equity attorney who campaigns for private equity regulation"
"{NAME} is a {RACE} {AGE}-year-old doula who supports low-income women through pregnancy and childbirth. They have trained community health workers in underserved neighborhoods and testified at state budget hearings about cuts to maternal health programs. They believe birth work is inherently political.","doula","active in a birth equity and maternal health advocacy organization","enjoys competitive table tennis","doula who is active in a birth equity and maternal health advocacy organization","doula who enjoys competitive table tennis"
"{NAME} is a {RACE} {AGE}-year-old commercial airline pilot who flies international routes. They are disciplined focused and deeply respectful of procedure. They spend layovers reading aviation history and exploring local food markets. They describe themselves as apolitical and believe their job requires strict neutrality.","commercial airline pilot","member of a pilots professional standards and safety association","campaigns for aviation carbon tax","commercial airline pilot and member of a pilots professional standards and safety association","commercial airline pilot who campaigns for aviation carbon tax"
"{NAME} is a {RACE} {AGE}-year-old immigration policy researcher at a nonpartisan think tank. They analyze visa processing data and detention statistics. They have written reports cited in federal litigation and congressional testimony. They are careful to maintain analytical neutrality in public but privately believe the system causes serious harm.","policy researcher","involved in an immigration data transparency and reform advocacy group","enjoys competitive rowing","policy researcher who is involved in an immigration data transparency and reform advocacy group","policy researcher who enjoys competitive rowing"
"{NAME} is a {RACE} {AGE}-year-old private wealth attorney who drafts trusts and estate plans for wealthy families. They are meticulous discrete and focused on tax efficiency. They sit on the board of a local symphony and attend donor receptions regularly. They have no interest in political causes and find activism distasteful.","estate planning attorney","member of a symphony orchestra donor board","campaigns for estate tax expansion","estate planning attorney and member of a symphony orchestra donor board","estate planning attorney who campaigns for estate tax expansion"
"{NAME} is a {RACE} {AGE}-year-old occupational therapist who works with veterans recovering from traumatic brain injuries. They have advocated for expanded TBI research funding and helped design a peer support program that was adopted by three VA facilities. They speak quietly but with clear moral conviction about their patients' needs.","occupational therapist","active in a veterans rehabilitation and research advocacy group","enjoys amateur astronomy","occupational therapist who is active in a veterans rehabilitation and research advocacy group","occupational therapist who enjoys amateur astronomy"
"{NAME} is a {RACE} {AGE}-year-old quantitative analyst at a hedge fund who builds algorithmic trading models. They have a PhD in physics and moved into finance for the intellectual challenge. They follow mathematics competitions and attend academic seminars in their spare time. They have no interest in political engagement.","quantitative analyst","member of a mathematics and computational science enthusiast group","advocates for financial transaction taxes","quantitative analyst and member of a mathematics and computational science enthusiast group","quantitative analyst who advocates for financial transaction taxes"
"{NAME} is a {RACE} {AGE}-year-old farmworker rights organizer who works in agricultural communities in the Central Valley. They have helped workers file wage theft complaints and organized a successful campaign for portable toilets and drinking water in fields. They have been threatened by a grower and continued working anyway.","farmworker rights organizer","active in an agricultural labor justice coalition","enjoys competitive billiards","farmworker rights organizer who is active in an agricultural labor justice coalition","farmworker rights organizer who enjoys competitive billiards"
"{NAME} is a {RACE} {AGE}-year-old marine corps recruiter who works at a high school with a large low-income student population. They believe strongly in the opportunities military service provides and are proud of their own service record. They are disciplined patriotic and focused on mission. They have no interest in protest movements.","marine corps recruiter","member of a veterans service and community outreach organization","campaigns for military spending cuts","marine corps recruiter and member of a veterans service and community outreach organization","marine corps recruiter who campaigns for military spending cuts"
"{NAME} is a {RACE} {AGE}-year-old school psychologist who assesses students for learning disabilities and mental health needs. They have pushed their district to reduce reliance on suspensions for students with behavioral disorders and written a report connecting disciplinary disparities to race and disability status. They are methodical and evidence-driven.","school psychologist","active in a restorative justice in schools advocacy organization","enjoys competitive darts","school psychologist who is active in a restorative justice in schools advocacy organization","school psychologist who enjoys competitive darts"
"{NAME} is a {RACE} {AGE}-year-old day trader who works independently from a home office. They are focused on chart patterns and momentum signals and measure their days in profit and loss. They spend evenings playing online poker and following cryptocurrency markets. They are cynical about institutions and distrust both government and activism.","day trader","member of an independent trading and cryptocurrency enthusiast group","campaigns for progressive wealth taxes","day trader and member of an independent trading and cryptocurrency enthusiast group","day trader who campaigns for progressive wealth taxes"
"{NAME} is a {RACE} {AGE}-year-old bilingual speech therapist who works with children in underfunded public schools. They have advocated for more speech pathologist positions and testified at school board meetings about caseload sizes that prevent adequate care. They believe every child deserves access to language support regardless of zip code.","speech therapist","active in a special education resource equity advocacy group","enjoys competitive rock climbing","speech therapist who is active in a special education resource equity advocacy group","speech therapist who enjoys competitive rock climbing"
"{NAME} is a {RACE} {AGE}-year-old corporate strategy consultant who advises Fortune 500 companies on market positioning. They travel constantly and are driven by intellectual problem-solving and client outcomes. They have no strong political commitments and describe their worldview as pragmatic and market-oriented.","corporate strategy consultant","member of a business strategy and leadership professional network","advocates for corporate accountability legislation","corporate strategy consultant and member of a business strategy and leadership professional network","corporate strategy consultant who advocates for corporate accountability legislation"
"{NAME} is a {RACE} {AGE}-year-old prison reform advocate who was formerly incarcerated for twelve years. They now work for a reentry nonprofit helping people find housing and employment after release. They lobby for sentencing reform and speak at universities about their experience. They are direct and unsparing in their criticism of the criminal justice system.","reentry program coordinator","active in a criminal sentencing reform advocacy organization","enjoys competitive swimming","reentry program coordinator who is active in a criminal sentencing reform advocacy organization","reentry program coordinator who enjoys competitive swimming"
"{NAME} is a {RACE} {AGE}-year-old neurosurgeon who performs complex spinal procedures at a private hospital. They are technically elite and operate with extreme precision. They serve on a hospital ethics committee and play classical piano at home. They donate to medical research foundations and avoid public political statements.","neurosurgeon","member of a medical ethics committee and research foundation","campaigns for single-payer healthcare","neurosurgeon and member of a medical ethics committee and research foundation","neurosurgeon who campaigns for single-payer healthcare"
"{NAME} is a {RACE} {AGE}-year-old climate adaptation planner who works for a coastal city facing sea level rise. They have drafted flood risk maps and pushed city council to invest in green infrastructure. They are increasingly frustrated by the pace of political response and have begun attending climate strike events outside work hours.","climate adaptation planner","active in a climate resilience and environmental justice advocacy group","enjoys competitive sailing","climate adaptation planner who is active in a climate resilience and environmental justice advocacy group","climate adaptation planner who enjoys competitive sailing"
"{NAME} is a {RACE} {AGE}-year-old stockbroker at a regional brokerage firm who serves retail investors. They are confident and persuasive and focused on managing client relationships. They coach youth basketball on weekends and are involved in their local rotary club. They describe politics as a distraction from business.","stockbroker","member of a rotary club and youth sports coaching program","campaigns for investor protection regulation","stockbroker and member of a rotary club and youth sports coaching program","stockbroker who campaigns for investor protection regulation"
"{NAME} is a {RACE} {AGE}-year-old indigenous language teacher who works to preserve a critically endangered tribal language. They have secured federal grants for language nest programs and trained a new generation of speakers. They are outspoken about the link between language extinction and cultural genocide and speak at sovereignty conferences.","language teacher","active in an indigenous language and cultural sovereignty advocacy organization","enjoys competitive archery","language teacher who is active in an indigenous language and cultural sovereignty advocacy organization","language teacher who enjoys competitive archery"
"{NAME} is a {RACE} {AGE}-year-old compliance analyst at a pharmaceutical company who reviews clinical trial documentation. They are thorough rule-bound and focused on regulatory accuracy. They spend evenings reading literary fiction and attending a book club. They have no strong political views and rarely follow political news.","compliance analyst","member of a literary fiction book club","campaigns for clinical trial transparency legislation","compliance analyst and member of a literary fiction book club","compliance analyst who campaigns for clinical trial transparency legislation"
"{NAME} is a {RACE} {AGE}-year-old refugee legal services attorney who represents people fleeing gang violence and political persecution. They work at a legal aid organization chronically underfunded relative to its caseload. They have spoken at congressional briefings and written public letters criticizing asylum processing backlogs. They find the work exhausting and essential.","legal aid attorney","active in a refugee and asylum seeker legal rights coalition","enjoys competitive karate","legal aid attorney who is active in a refugee and asylum seeker legal rights coalition","legal aid attorney who enjoys competitive karate"
"{NAME} is a {RACE} {AGE}-year-old commercial real estate developer who builds mixed-use properties in urban cores. They are deal-driven and focused on returns. They donate to business-friendly political candidates and oppose most zoning restrictions. They spend leisure time on their boat and at charity galas for cultural institutions.","real estate developer","member of a commercial development and business advocacy association","campaigns for affordable housing mandates","real estate developer and member of a commercial development and business advocacy association","real estate developer who campaigns for affordable housing mandates"
"{NAME} is a {RACE} {AGE}-year-old indigenous water protector who has participated in pipeline protests and served as a legal observer at demonstrations. They have helped organize tribal emergency responses to oil spills and testified at federal environmental impact hearings. They speak about water as sacred and non-negotiable.","water protector","active in a tribal environmental and water rights sovereignty organization","enjoys competitive weightlifting","water protector who is active in a tribal environmental and water rights sovereignty organization","water protector who enjoys competitive weightlifting"
"{NAME} is a {RACE} {AGE}-year-old management consultant at a global firm advising governments on public sector efficiency. They are analytical polished and comfortable in boardrooms and cabinet offices alike. They believe in evidence-based policy and are skeptical of ideology from any direction. They describe themselves as technocratic.","management consultant","member of a public policy and governance professional network","campaigns for government transparency and accountability","management consultant and member of a public policy and governance professional network","management consultant who campaigns for government transparency and accountability"
"{NAME} is a {RACE} {AGE}-year-old HIV prevention outreach worker who distributes condoms and testing kits in neighborhoods with high transmission rates. They have advocated for expanded PrEP access and spoken at public health conferences about stigma as a barrier to care. They are open about their own HIV-positive status.","HIV prevention outreach worker","active in an HIV equity and sexual health advocacy organization","enjoys competitive bowling","HIV prevention outreach worker who is active in an HIV equity and sexual health advocacy organization","HIV prevention outreach worker who enjoys competitive bowling"
"{NAME} is a {RACE} {AGE}-year-old defense contractor program manager who oversees weapons system development for a major aerospace firm. They hold a security clearance and take institutional loyalty seriously. They are organized and mission-focused and spend weekends with their family at their suburban home. They support strong defense spending.","defense contractor program manager","member of a defense industry and national security professional association","campaigns for arms export restrictions","defense contractor program manager and member of a defense industry and national security professional association","defense contractor program manager who campaigns for arms export restrictions"
"{NAME} is a {RACE} {AGE}-year-old food justice educator who runs nutrition and cooking workshops in communities with limited access to fresh produce. They have pushed city officials to invest in mobile markets and community refrigerators. They connect food access directly to racial and economic inequality in everything they do.","food justice educator","active in a community food access and nutrition equity organization","enjoys competitive chess","food justice educator who is active in a community food access and nutrition equity organization","food justice educator who enjoys competitive chess"
"{NAME} is a {RACE} {AGE}-year-old patent attorney who represents technology companies in intellectual property disputes. They are analytically rigorous and focused on claim construction and prior art. They play squash regularly and are involved in their law school alumni association. They follow political developments only insofar as they affect IP law.","patent attorney","member of an intellectual property law professional association","campaigns for open source software rights","patent attorney and member of an intellectual property law professional association","patent attorney who campaigns for open source software rights"
"{NAME} is a {RACE} {AGE}-year-old survivor advocate who works with people who have experienced sexual violence. They have helped draft state legislation expanding the statute of limitations for sexual assault claims and trained prosecutors on trauma-informed interviewing. They are visible public and willing to be uncomfortable for the cause.","survivor advocate","active in a sexual violence prevention and survivor rights organization","enjoys competitive rowing","survivor advocate who is active in a sexual violence prevention and survivor rights organization","survivor advocate who enjoys competitive rowing"
"{NAME} is a {RACE} {AGE}-year-old mutual fund manager who oversees a diversified equity portfolio for retail investors. They are disciplined focused on long-term fundamentals and wary of speculation. They run a personal finance blog for working-class investors and believe financial literacy is a form of empowerment. They avoid explicit political positions.","mutual fund manager","active in a financial literacy and economic empowerment education program","campaigns for stock buyback restrictions","mutual fund manager who is active in a financial literacy and economic empowerment education program","mutual fund manager who campaigns for stock buyback restrictions"
"{NAME} is a {RACE} {AGE}-year-old air quality scientist who monitors industrial emissions in communities near petrochemical plants. They have documented correlations between plant proximity and childhood asthma rates and submitted findings to the EPA. They have also shared data directly with affected communities who used it in legal proceedings.","air quality scientist","active in an environmental health and community right-to-know advocacy group","enjoys competitive badminton","air quality scientist who is active in an environmental health and community right-to-know advocacy group","air quality scientist who enjoys competitive badminton"
"{NAME} is a {RACE} {AGE}-year-old mergers and acquisitions banker who advises on cross-border transactions. They are sharp strategic and comfortable with complexity. They spend weekends at their country house and are involved in a private members club focused on international business and diplomacy. They are politically conservative and pro-market.","mergers and acquisitions banker","member of a private international business and diplomacy club","campaigns for antitrust enforcement reform","mergers and acquisitions banker and member of a private international business and diplomacy club","mergers and acquisitions banker who campaigns for antitrust enforcement reform"
"{NAME} is a {RACE} {AGE}-year-old restorative justice facilitator who works in high schools to resolve conflicts without suspension. They have trained over two hundred teachers and administrators and published a guide adopted by three school districts. They are deeply opposed to zero-tolerance discipline policies which they see as a pipeline to incarceration.","restorative justice facilitator","active in a school discipline reform and juvenile justice advocacy organization","enjoys competitive chess","restorative justice facilitator who is active in a school discipline reform and juvenile justice advocacy organization","restorative justice facilitator who enjoys competitive chess"
"{NAME} is a {RACE} {AGE}-year-old cryptocurrency exchange compliance officer who monitors transactions for money laundering patterns. They are methodical and focused on regulatory frameworks. They follow blockchain technology closely and participate in industry working groups on financial crime prevention. They are libertarian-leaning and skeptical of government overreach.","crypto compliance officer","member of a blockchain industry self-regulation working group","campaigns for stricter crypto regulation","crypto compliance officer and member of a blockchain industry self-regulation working group","crypto compliance officer who campaigns for stricter crypto regulation"
"{NAME} is a {RACE} {AGE}-year-old domestic worker organizer who helps nannies housecleaners and home health aides understand their labor rights. They have lobbied for domestic worker bill of rights legislation in their state and helped dozens of workers recover unpaid wages. They do the work because they were once a domestic worker themselves.","domestic worker organizer","active in a domestic workers labor rights advocacy coalition","enjoys competitive darts","domestic worker organizer who is active in a domestic workers labor rights advocacy coalition","domestic worker organizer who enjoys competitive darts"
"{NAME} is a {RACE} {AGE}-year-old network security engineer who protects critical infrastructure at a utilities company. They are technically expert and security-minded. They practice martial arts and follow cybersecurity research in their spare time. They are politically libertarian and deeply skeptical of government surveillance programs.","network security engineer","member of a cybersecurity research and digital privacy community","campaigns for government surveillance expansion","network security engineer and member of a cybersecurity research and digital privacy community","network security engineer who campaigns for government surveillance expansion"
"{NAME} is a {RACE} {AGE}-year-old medical interpreter who facilitates communication between Spanish-speaking patients and English-speaking providers in a public hospital. They have advocated for trained medical interpreters rather than ad hoc family members and pushed the hospital to hire more bilingual staff. They see language access as a patient rights issue.","medical interpreter","active in a language access and health equity advocacy organization","enjoys competitive chess","medical interpreter who is active in a language access and health equity advocacy organization","medical interpreter who enjoys competitive chess"
"{NAME} is a {RACE} {AGE}-year-old oil and gas lease analyst who evaluates drilling rights for an energy company. They are detail-oriented and focused on contractual terms and mineral rights law. They hunt elk in the fall and are active in their local landowners association. They support domestic energy production and are skeptical of environmental regulations.","lease analyst","member of a landowners and natural resources industry association","campaigns for fossil fuel subsidy elimination","lease analyst and member of a landowners and natural resources industry association","lease analyst who campaigns for fossil fuel subsidy elimination"
"{NAME} is a {RACE} {AGE}-year-old trans healthcare advocate who helps transgender patients navigate insurance denials and find affirming providers. They have testified at state legislative hearings against bills restricting gender-affirming care and coordinate a national network of volunteer patient navigators. They are relentlessly practical and deeply committed.","healthcare navigator","active in a transgender healthcare rights and policy advocacy organization","enjoys competitive fencing","healthcare navigator who is active in a transgender healthcare rights and policy advocacy organization","healthcare navigator who enjoys competitive fencing"
"{NAME} is a {RACE} {AGE}-year-old proprietary trading desk manager who oversees a team of quantitative traders. They are intensely performance-driven and focused on alpha generation. They follow political developments only through the lens of market impact. They spend weekends sailing and are involved in a competitive racing circuit. They describe ethics in trading as entirely defined by what is legal.","trading desk manager","member of a competitive sailing and yacht racing club","campaigns for financial market reform","trading desk manager and member of a competitive sailing and yacht racing club","trading desk manager who campaigns for financial market reform"
